{"cameraMode":{"drawMode":0,"name":"Shaded","section":"Shading Mode"},"sceneLighting":true,"audioPlay":false,"sceneViewState":{"m_AlwaysRefresh":false,"showFog":true,"showSkybox":false,"showFlares":true,"showImageEffects":true,"showParticleSystems":true,"showVisualEffectGraphs":true,"m_FxEnabled":true},"in2DMode":false,"pivot":{"x":-4.890584945678711,"y":-1.2230067253112794,"z":-13.505942344665528},"rotation":{"x":-0.08858058601617813,"y":-0.050183527171611789,"z":0.00446830689907074,"w":-0.9947990775108337},"size":4.628658771514893,"orthographic":false}